SELECT *
  2  FROM EMP;

     EMPNO ENAME      JOB              MGR HIREDATE         SAL       COMM     DEPTNO                                             
---------- ---------- --------- ---------- --------- ---------- ---------- ----------                                             
      7369 SMITH      CLERK           7902 17-DEC-80        800                    20                                             
      7499 ALLEN      SALESMAN        7698 20-FEB-81       1600        300         30                                             
      7521 WARD       SALESMAN        7698 22-FEB-81       1250        500         30                                             
      7566 JONES      MANAGER         7839 02-APR-81       2975                    20                                             
      7654 MARTIN     SALESMAN        7698 28-SEP-81       1250       1400         30                                             
      7698 BLAKE      MANAGER         7839 01-MAY-81       2850                    30                                             
      7782 CLARK      MANAGER         7839 09-JUN-81       2450                    10                                             
      7788 SCOTT      ANALYST         7566 19-APR-87       3000                    20                                             
      7839 KING       PRESIDENT            17-NOV-81       5000                    10                                             
      7844 TURNER     SALESMAN        7698 08-SEP-81       1500          0         30                                             
      7876 ADAMS      CLERK           7788 23-MAY-87       1100                    20                                             
      7900 JAMES      CLERK           7698 03-DEC-81        950                    30                                             
      7902 FORD       ANALYST         7566 03-DEC-81       3000                    20                                             
      7934 MILLER     CLERK           7782 23-JAN-82       1300                    10                                             

14 rows selected.

SQL> SELECT SAL+COMM AS TOTAL_SALARY
  2  FROM EMP;

TOTAL_SALARY                                                                                                                      
------------                                                                                                                      
                                                                                                                                  
        1900                                                                                                                      
        1750                                                                                                                      
                                                                                                                                  
        2650                                                                                                                      
                                                                                                                                  
                                                                                                                                  
                                                                                                                                  
                                                                                                                                  
        1500                                                                                                                      
                                                                                                                                  
                                                                                                                                  
                                                                                                                                  
                                                                                                                                  

14 rows selected.

SQL> SELECT EMP.* , SAL*12 AS ANNUAL_SALARY
  2  FROM EMP;

     EMPNO ENAME      JOB              MGR HIREDATE         SAL       COMM     DEPTNO ANNUAL_SALARY                               
---------- ---------- --------- ---------- --------- ---------- ---------- ---------- -------------                               
      7369 SMITH      CLERK           7902 17-DEC-80        800                    20          9600                               
      7499 ALLEN      SALESMAN        7698 20-FEB-81       1600        300         30         19200                               
      7521 WARD       SALESMAN        7698 22-FEB-81       1250        500         30         15000                               
      7566 JONES      MANAGER         7839 02-APR-81       2975                    20         35700                               
      7654 MARTIN     SALESMAN        7698 28-SEP-81       1250       1400         30         15000                               
      7698 BLAKE      MANAGER         7839 01-MAY-81       2850                    30         34200                               
      7782 CLARK      MANAGER         7839 09-JUN-81       2450                    10         29400                               
      7788 SCOTT      ANALYST         7566 19-APR-87       3000                    20         36000                               
      7839 KING       PRESIDENT            17-NOV-81       5000                    10         60000                               
      7844 TURNER     SALESMAN        7698 08-SEP-81       1500          0         30         18000                               
      7876 ADAMS      CLERK           7788 23-MAY-87       1100                    20         13200                               
      7900 JAMES      CLERK           7698 03-DEC-81        950                    30         11400                               
      7902 FORD       ANALYST         7566 03-DEC-81       3000                    20         36000                               
      7934 MILLER     CLERK           7782 23-JAN-82       1300                    10         15600                               

14 rows selected.

SQL> SELECT EMP.* , SAL*12+2000 AS ANNUAL_BONUS
  2  FROM EMP;

     EMPNO ENAME      JOB              MGR HIREDATE         SAL       COMM     DEPTNO ANNUAL_BONUS                                
---------- ---------- --------- ---------- --------- ---------- ---------- ---------- ------------                                
      7369 SMITH      CLERK           7902 17-DEC-80        800                    20        11600                                
      7499 ALLEN      SALESMAN        7698 20-FEB-81       1600        300         30        21200                                
      7521 WARD       SALESMAN        7698 22-FEB-81       1250        500         30        17000                                
      7566 JONES      MANAGER         7839 02-APR-81       2975                    20        37700                                
      7654 MARTIN     SALESMAN        7698 28-SEP-81       1250       1400         30        17000                                
      7698 BLAKE      MANAGER         7839 01-MAY-81       2850                    30        36200                                
      7782 CLARK      MANAGER         7839 09-JUN-81       2450                    10        31400                                
      7788 SCOTT      ANALYST         7566 19-APR-87       3000                    20        38000                                
      7839 KING       PRESIDENT            17-NOV-81       5000                    10        62000                                
      7844 TURNER     SALESMAN        7698 08-SEP-81       1500          0         30        20000                                
      7876 ADAMS      CLERK           7788 23-MAY-87       1100                    20        15200                                
      7900 JAMES      CLERK           7698 03-DEC-81        950                    30        13400                                
      7902 FORD       ANALYST         7566 03-DEC-81       3000                    20        38000                                
      7934 MILLER     CLERK           7782 23-JAN-82       1300                    10        17600                                

14 rows selected.

SQL> SELECT EMP.* , SAL+50 AS "50rs_HIKE"
  2  FROM EMP;

     EMPNO ENAME      JOB              MGR HIREDATE         SAL       COMM     DEPTNO  50rs_HIKE                                  
---------- ---------- --------- ---------- --------- ---------- ---------- ---------- ----------                                  
      7369 SMITH      CLERK           7902 17-DEC-80        800                    20        850                                  
      7499 ALLEN      SALESMAN        7698 20-FEB-81       1600        300         30       1650                                  
      7521 WARD       SALESMAN        7698 22-FEB-81       1250        500         30       1300                                  
      7566 JONES      MANAGER         7839 02-APR-81       2975                    20       3025                                  
      7654 MARTIN     SALESMAN        7698 28-SEP-81       1250       1400         30       1300                                  
      7698 BLAKE      MANAGER         7839 01-MAY-81       2850                    30       2900                                  
      7782 CLARK      MANAGER         7839 09-JUN-81       2450                    10       2500                                  
      7788 SCOTT      ANALYST         7566 19-APR-87       3000                    20       3050                                  
      7839 KING       PRESIDENT            17-NOV-81       5000                    10       5050                                  
      7844 TURNER     SALESMAN        7698 08-SEP-81       1500          0         30       1550                                  
      7876 ADAMS      CLERK           7788 23-MAY-87       1100                    20       1150                                  
      7900 JAMES      CLERK           7698 03-DEC-81        950                    30       1000                                  
      7902 FORD       ANALYST         7566 03-DEC-81       3000                    20       3050                                  
      7934 MILLER     CLERK           7782 23-JAN-82       1300                    10       1350                                  

14 rows selected.

SQL> SELECT EMP.* , SAL-50 AS "50rs_DEDUCT"
  2  FROM EMP;

     EMPNO ENAME      JOB              MGR HIREDATE         SAL       COMM     DEPTNO 50rs_DEDUCT                                 
---------- ---------- --------- ---------- --------- ---------- ---------- ---------- -----------                                 
      7369 SMITH      CLERK           7902 17-DEC-80        800                    20         750                                 
      7499 ALLEN      SALESMAN        7698 20-FEB-81       1600        300         30        1550                                 
      7521 WARD       SALESMAN        7698 22-FEB-81       1250        500         30        1200                                 
      7566 JONES      MANAGER         7839 02-APR-81       2975                    20        2925                                 
      7654 MARTIN     SALESMAN        7698 28-SEP-81       1250       1400         30        1200                                 
      7698 BLAKE      MANAGER         7839 01-MAY-81       2850                    30        2800                                 
      7782 CLARK      MANAGER         7839 09-JUN-81       2450                    10        2400                                 
      7788 SCOTT      ANALYST         7566 19-APR-87       3000                    20        2950                                 
      7839 KING       PRESIDENT            17-NOV-81       5000                    10        4950                                 
      7844 TURNER     SALESMAN        7698 08-SEP-81       1500          0         30        1450                                 
      7876 ADAMS      CLERK           7788 23-MAY-87       1100                    20        1050                                 
      7900 JAMES      CLERK           7698 03-DEC-81        950                    30         900                                 
      7902 FORD       ANALYST         7566 03-DEC-81       3000                    20        2950                                 
      7934 MILLER     CLERK           7782 23-JAN-82       1300                    10        1250                                 

14 rows selected.

SQL> SELECT EMP.* ;
SELECT EMP.* 
            *
ERROR at line 1:
ORA-00923: FROM keyword not found where expected 


SQL> SELECT EMP.* , SAL*2 "SAL_2M"
  2  FROM EMP;

     EMPNO ENAME      JOB              MGR HIREDATE         SAL       COMM     DEPTNO     SAL_2M                                  
---------- ---------- --------- ---------- --------- ---------- ---------- ---------- ----------                                  
      7369 SMITH      CLERK           7902 17-DEC-80        800                    20       1600                                  
      7499 ALLEN      SALESMAN        7698 20-FEB-81       1600        300         30       3200                                  
      7521 WARD       SALESMAN        7698 22-FEB-81       1250        500         30       2500                                  
      7566 JONES      MANAGER         7839 02-APR-81       2975                    20       5950                                  
      7654 MARTIN     SALESMAN        7698 28-SEP-81       1250       1400         30       2500                                  
      7698 BLAKE      MANAGER         7839 01-MAY-81       2850                    30       5700                                  
      7782 CLARK      MANAGER         7839 09-JUN-81       2450                    10       4900                                  
      7788 SCOTT      ANALYST         7566 19-APR-87       3000                    20       6000                                  
      7839 KING       PRESIDENT            17-NOV-81       5000                    10      10000                                  
      7844 TURNER     SALESMAN        7698 08-SEP-81       1500          0         30       3000                                  
      7876 ADAMS      CLERK           7788 23-MAY-87       1100                    20       2200                                  
      7900 JAMES      CLERK           7698 03-DEC-81        950                    30       1900                                  
      7902 FORD       ANALYST         7566 03-DEC-81       3000                    20       6000                                  
      7934 MILLER     CLERK           7782 23-JAN-82       1300                    10       2600                                  

14 rows selected.

SQL> SELECT EMP.* , SAL*12-SAL*12*25/100 AS "ANNUAL_25%DEDUCT"
  2  FROM EMP;

     EMPNO ENAME      JOB              MGR HIREDATE         SAL       COMM     DEPTNO ANNUAL_25%DEDUCT                            
---------- ---------- --------- ---------- --------- ---------- ---------- ---------- ----------------                            
      7369 SMITH      CLERK           7902 17-DEC-80        800                    20             7200                            
      7499 ALLEN      SALESMAN        7698 20-FEB-81       1600        300         30            14400                            
      7521 WARD       SALESMAN        7698 22-FEB-81       1250        500         30            11250                            
      7566 JONES      MANAGER         7839 02-APR-81       2975                    20            26775                            
      7654 MARTIN     SALESMAN        7698 28-SEP-81       1250       1400         30            11250                            
      7698 BLAKE      MANAGER         7839 01-MAY-81       2850                    30            25650                            
      7782 CLARK      MANAGER         7839 09-JUN-81       2450                    10            22050                            
      7788 SCOTT      ANALYST         7566 19-APR-87       3000                    20            27000                            
      7839 KING       PRESIDENT            17-NOV-81       5000                    10            45000                            
      7844 TURNER     SALESMAN        7698 08-SEP-81       1500          0         30            13500                            
      7876 ADAMS      CLERK           7788 23-MAY-87       1100                    20             9900                            
      7900 JAMES      CLERK           7698 03-DEC-81        950                    30             8550                            
      7902 FORD       ANALYST         7566 03-DEC-81       3000                    20            27000                            
      7934 MILLER     CLERK           7782 23-JAN-82       1300                    10            11700                            

14 rows selected.

SQL> SELECT EMP.* , SAL+SAL*33/100 "HIKE33%"
  2  FROM EMP;

     EMPNO ENAME      JOB              MGR HIREDATE         SAL       COMM     DEPTNO    HIKE33%                                  
---------- ---------- --------- ---------- --------- ---------- ---------- ---------- ----------                                  
      7369 SMITH      CLERK           7902 17-DEC-80        800                    20       1064                                  
      7499 ALLEN      SALESMAN        7698 20-FEB-81       1600        300         30       2128                                  
      7521 WARD       SALESMAN        7698 22-FEB-81       1250        500         30     1662.5                                  
      7566 JONES      MANAGER         7839 02-APR-81       2975                    20    3956.75                                  
      7654 MARTIN     SALESMAN        7698 28-SEP-81       1250       1400         30     1662.5                                  
      7698 BLAKE      MANAGER         7839 01-MAY-81       2850                    30     3790.5                                  
      7782 CLARK      MANAGER         7839 09-JUN-81       2450                    10     3258.5                                  
      7788 SCOTT      ANALYST         7566 19-APR-87       3000                    20       3990                                  
      7839 KING       PRESIDENT            17-NOV-81       5000                    10       6650                                  
      7844 TURNER     SALESMAN        7698 08-SEP-81       1500          0         30       1995                                  
      7876 ADAMS      CLERK           7788 23-MAY-87       1100                    20       1463                                  
      7900 JAMES      CLERK           7698 03-DEC-81        950                    30     1263.5                                  
      7902 FORD       ANALYST         7566 03-DEC-81       3000                    20       3990                                  
      7934 MILLER     CLERK           7782 23-JAN-82       1300                    10       1729                                  

14 rows selected.

SQL> SELECT EMP.* , SAL*12+SAL*12*35/100 AS "ANNUAL_HIKE35%"
  2  FROM EMP;

     EMPNO ENAME      JOB              MGR HIREDATE         SAL       COMM     DEPTNO ANNUAL_HIKE35%                              
---------- ---------- --------- ---------- --------- ---------- ---------- ---------- --------------                              
      7369 SMITH      CLERK           7902 17-DEC-80        800                    20          12960                              
      7499 ALLEN      SALESMAN        7698 20-FEB-81       1600        300         30          25920                              
      7521 WARD       SALESMAN        7698 22-FEB-81       1250        500         30          20250                              
      7566 JONES      MANAGER         7839 02-APR-81       2975                    20          48195                              
      7654 MARTIN     SALESMAN        7698 28-SEP-81       1250       1400         30          20250                              
      7698 BLAKE      MANAGER         7839 01-MAY-81       2850                    30          46170                              
      7782 CLARK      MANAGER         7839 09-JUN-81       2450                    10          39690                              
      7788 SCOTT      ANALYST         7566 19-APR-87       3000                    20          48600                              
      7839 KING       PRESIDENT            17-NOV-81       5000                    10          81000                              
      7844 TURNER     SALESMAN        7698 08-SEP-81       1500          0         30          24300                              
      7876 ADAMS      CLERK           7788 23-MAY-87       1100                    20          17820                              
      7900 JAMES      CLERK           7698 03-DEC-81        950                    30          15390                              
      7902 FORD       ANALYST         7566 03-DEC-81       3000                    20          48600                              
      7934 MILLER     CLERK           7782 23-JAN-82       1300                    10          21060                              

14 rows selected.

SQL> SELECT EMP.* , SAL*5-500 "5MonSAL_500D"
  2  FROM EMP;

     EMPNO ENAME      JOB              MGR HIREDATE         SAL       COMM     DEPTNO 5MonSAL_500D                                
---------- ---------- --------- ---------- --------- ---------- ---------- ---------- ------------                                
      7369 SMITH      CLERK           7902 17-DEC-80        800                    20         3500                                
      7499 ALLEN      SALESMAN        7698 20-FEB-81       1600        300         30         7500                                
      7521 WARD       SALESMAN        7698 22-FEB-81       1250        500         30         5750                                
      7566 JONES      MANAGER         7839 02-APR-81       2975                    20        14375                                
      7654 MARTIN     SALESMAN        7698 28-SEP-81       1250       1400         30         5750                                
      7698 BLAKE      MANAGER         7839 01-MAY-81       2850                    30        13750                                
      7782 CLARK      MANAGER         7839 09-JUN-81       2450                    10        11750                                
      7788 SCOTT      ANALYST         7566 19-APR-87       3000                    20        14500                                
      7839 KING       PRESIDENT            17-NOV-81       5000                    10        24500                                
      7844 TURNER     SALESMAN        7698 08-SEP-81       1500          0         30         7000                                
      7876 ADAMS      CLERK           7788 23-MAY-87       1100                    20         5000                                
      7900 JAMES      CLERK           7698 03-DEC-81        950                    30         4250                                
      7902 FORD       ANALYST         7566 03-DEC-81       3000                    20        14500                                
      7934 MILLER     CLERK           7782 23-JAN-82       1300                    10         6000                                

14 rows selected.

SQL> SET PAGES 1000 LINES 1000
SQL> SELECT EMP.* , SAL+SAL*28/100 AS "HIKE28%" , SAL*6+SAL*6*33/100 AS "HTDEDUCT33%" , SAL*12+SAL*12*45/100 AS "ANNUAL_HIKE45%"
  2  FROM EMP;

     EMPNO ENAME      JOB              MGR HIREDATE         SAL       COMM     DEPTNO    HIKE28% HTDEDUCT33% ANNUAL_HIKE45%                                                                                                                                                                                                                                                                                                                                                                                                                                                                                                                                                                                                                                                                                                                                                                                                                                                                                                             
---------- ---------- --------- ---------- --------- ---------- ---------- ---------- ---------- ----------- --------------                                                                                                                                                                                                                                                                                                                                                                                                                                                                                                                                                                                                                                                                                                                                                                                                                                                                                                             
      7369 SMITH      CLERK           7902 17-DEC-80        800                    20       1024        6384          13920                                                                                                                                                                                                                                                                                                                                                                                                                                                                                                                                                                                                                                                                                                                                                                                                                                                                                                             
      7499 ALLEN      SALESMAN        7698 20-FEB-81       1600        300         30       2048       12768          27840                                                                                                                                                                                                                                                                                                                                                                                                                                                                                                                                                                                                                                                                                                                                                                                                                                                                                                             
      7521 WARD       SALESMAN        7698 22-FEB-81       1250        500         30       1600        9975          21750                                                                                                                                                                                                                                                                                                                                                                                                                                                                                                                                                                                                                                                                                                                                                                                                                                                                                                             
      7566 JONES      MANAGER         7839 02-APR-81       2975                    20       3808     23740.5          51765                                                                                                                                                                                                                                                                                                                                                                                                                                                                                                                                                                                                                                                                                                                                                                                                                                                                                                             
      7654 MARTIN     SALESMAN        7698 28-SEP-81       1250       1400         30       1600        9975          21750                                                                                                                                                                                                                                                                                                                                                                                                                                                                                                                                                                                                                                                                                                                                                                                                                                                                                                             
      7698 BLAKE      MANAGER         7839 01-MAY-81       2850                    30       3648       22743          49590                                                                                                                                                                                                                                                                                                                                                                                                                                                                                                                                                                                                                                                                                                                                                                                                                                                                                                             
      7782 CLARK      MANAGER         7839 09-JUN-81       2450                    10       3136       19551          42630                                                                                                                                                                                                                                                                                                                                                                                                                                                                                                                                                                                                                                                                                                                                                                                                                                                                                                             
      7788 SCOTT      ANALYST         7566 19-APR-87       3000                    20       3840       23940          52200                                                                                                                                                                                                                                                                                                                                                                                                                                                                                                                                                                                                                                                                                                                                                                                                                                                                                                             
      7839 KING       PRESIDENT            17-NOV-81       5000                    10       6400       39900          87000                                                                                                                                                                                                                                                                                                                                                                                                                                                                                                                                                                                                                                                                                                                                                                                                                                                                                                             
      7844 TURNER     SALESMAN        7698 08-SEP-81       1500          0         30       1920       11970          26100                                                                                                                                                                                                                                                                                                                                                                                                                                                                                                                                                                                                                                                                                                                                                                                                                                                                                                             
      7876 ADAMS      CLERK           7788 23-MAY-87       1100                    20       1408        8778          19140                                                                                                                                                                                                                                                                                                                                                                                                                                                                                                                                                                                                                                                                                                                                                                                                                                                                                                             
      7900 JAMES      CLERK           7698 03-DEC-81        950                    30       1216        7581          16530                                                                                                                                                                                                                                                                                                                                                                                                                                                                                                                                                                                                                                                                                                                                                                                                                                                                                                             
      7902 FORD       ANALYST         7566 03-DEC-81       3000                    20       3840       23940          52200                                                                                                                                                                                                                                                                                                                                                                                                                                                                                                                                                                                                                                                                                                                                                                                                                                                                                                             
      7934 MILLER     CLERK           7782 23-JAN-82       1300                    10       1664       10374          22620                                                                                                                                                                                                                                                                                                                                                                                                                                                                                                                                                                                                                                                                                                                                                                                                                                                                                                             

14 rows selected.

SQL> SELECT EMP.* , SAL-SAL*45/100 AS "DEDUCT45%"
  2  FROM EMP;

     EMPNO ENAME      JOB              MGR HIREDATE         SAL       COMM     DEPTNO  DEDUCT45%                                                                                                                                                                                                                                                                                                                                                                                                                                                                                                                                                                                                                                                                                                                                                                                                                                                                                                                                        
---------- ---------- --------- ---------- --------- ---------- ---------- ---------- ----------                                                                                                                                                                                                                                                                                                                                                                                                                                                                                                                                                                                                                                                                                                                                                                                                                                                                                                                                        
      7369 SMITH      CLERK           7902 17-DEC-80        800                    20        440                                                                                                                                                                                                                                                                                                                                                                                                                                                                                                                                                                                                                                                                                                                                                                                                                                                                                                                                        
      7499 ALLEN      SALESMAN        7698 20-FEB-81       1600        300         30        880                                                                                                                                                                                                                                                                                                                                                                                                                                                                                                                                                                                                                                                                                                                                                                                                                                                                                                                                        
      7521 WARD       SALESMAN        7698 22-FEB-81       1250        500         30      687.5                                                                                                                                                                                                                                                                                                                                                                                                                                                                                                                                                                                                                                                                                                                                                                                                                                                                                                                                        
      7566 JONES      MANAGER         7839 02-APR-81       2975                    20    1636.25                                                                                                                                                                                                                                                                                                                                                                                                                                                                                                                                                                                                                                                                                                                                                                                                                                                                                                                                        
      7654 MARTIN     SALESMAN        7698 28-SEP-81       1250       1400         30      687.5                                                                                                                                                                                                                                                                                                                                                                                                                                                                                                                                                                                                                                                                                                                                                                                                                                                                                                                                        
      7698 BLAKE      MANAGER         7839 01-MAY-81       2850                    30     1567.5                                                                                                                                                                                                                                                                                                                                                                                                                                                                                                                                                                                                                                                                                                                                                                                                                                                                                                                                        
      7782 CLARK      MANAGER         7839 09-JUN-81       2450                    10     1347.5                                                                                                                                                                                                                                                                                                                                                                                                                                                                                                                                                                                                                                                                                                                                                                                                                                                                                                                                        
      7788 SCOTT      ANALYST         7566 19-APR-87       3000                    20       1650                                                                                                                                                                                                                                                                                                                                                                                                                                                                                                                                                                                                                                                                                                                                                                                                                                                                                                                                        
      7839 KING       PRESIDENT            17-NOV-81       5000                    10       2750                                                                                                                                                                                                                                                                                                                                                                                                                                                                                                                                                                                                                                                                                                                                                                                                                                                                                                                                        
      7844 TURNER     SALESMAN        7698 08-SEP-81       1500          0         30        825                                                                                                                                                                                                                                                                                                                                                                                                                                                                                                                                                                                                                                                                                                                                                                                                                                                                                                                                        
      7876 ADAMS      CLERK           7788 23-MAY-87       1100                    20        605                                                                                                                                                                                                                                                                                                                                                                                                                                                                                                                                                                                                                                                                                                                                                                                                                                                                                                                                        
      7900 JAMES      CLERK           7698 03-DEC-81        950                    30      522.5                                                                                                                                                                                                                                                                                                                                                                                                                                                                                                                                                                                                                                                                                                                                                                                                                                                                                                                                        
      7902 FORD       ANALYST         7566 03-DEC-81       3000                    20       1650                                                                                                                                                                                                                                                                                                                                                                                                                                                                                                                                                                                                                                                                                                                                                                                                                                                                                                                                        
      7934 MILLER     CLERK           7782 23-JAN-82       1300                    10        715                                                                                                                                                                                                                                                                                                                                                                                                                                                                                                                                                                                                                                                                                                                                                                                                                                                                                                                                        

14 rows selected.

SQL> SELECT ENAME , SAL , SAL*4 AS "4M_SALARY" , SAL*4+SAL*4*32/100 AS "4M_HIKE32%"
  2  FROM EMP;

ENAME             SAL  4M_SALARY 4M_HIKE32%                                                                                                                                                                                                                                                                                                                                                                                                                                                                                                                                                                                                                                                                                                                                                                                                                                                                                                                                                                                             
---------- ---------- ---------- ----------                                                                                                                                                                                                                                                                                                                                                                                                                                                                                                                                                                                                                                                                                                                                                                                                                                                                                                                                                                                             
SMITH             800       3200       4224                                                                                                                                                                                                                                                                                                                                                                                                                                                                                                                                                                                                                                                                                                                                                                                                                                                                                                                                                                                             
ALLEN            1600       6400       8448                                                                                                                                                                                                                                                                                                                                                                                                                                                                                                                                                                                                                                                                                                                                                                                                                                                                                                                                                                                             
WARD             1250       5000       6600                                                                                                                                                                                                                                                                                                                                                                                                                                                                                                                                                                                                                                                                                                                                                                                                                                                                                                                                                                                             
JONES            2975      11900      15708                                                                                                                                                                                                                                                                                                                                                                                                                                                                                                                                                                                                                                                                                                                                                                                                                                                                                                                                                                                             
MARTIN           1250       5000       6600                                                                                                                                                                                                                                                                                                                                                                                                                                                                                                                                                                                                                                                                                                                                                                                                                                                                                                                                                                                             
BLAKE            2850      11400      15048                                                                                                                                                                                                                                                                                                                                                                                                                                                                                                                                                                                                                                                                                                                                                                                                                                                                                                                                                                                             
CLARK            2450       9800      12936                                                                                                                                                                                                                                                                                                                                                                                                                                                                                                                                                                                                                                                                                                                                                                                                                                                                                                                                                                                             
SCOTT            3000      12000      15840                                                                                                                                                                                                                                                                                                                                                                                                                                                                                                                                                                                                                                                                                                                                                                                                                                                                                                                                                                                             
KING             5000      20000      26400                                                                                                                                                                                                                                                                                                                                                                                                                                                                                                                                                                                                                                                                                                                                                                                                                                                                                                                                                                                             
TURNER           1500       6000       7920                                                                                                                                                                                                                                                                                                                                                                                                                                                                                                                                                                                                                                                                                                                                                                                                                                                                                                                                                                                             
ADAMS            1100       4400       5808                                                                                                                                                                                                                                                                                                                                                                                                                                                                                                                                                                                                                                                                                                                                                                                                                                                                                                                                                                                             
JAMES             950       3800       5016                                                                                                                                                                                                                                                                                                                                                                                                                                                                                                                                                                                                                                                                                                                                                                                                                                                                                                                                                                                             
FORD             3000      12000      15840                                                                                                                                                                                                                                                                                                                                                                                                                                                                                                                                                                                                                                                                                                                                                                                                                                                                                                                                                                                             
MILLER           1300       5200       6864                                                                                                                                                                                                                                                                                                                                                                                                                                                                                                                                                                                                                                                                                                                                                                                                                                                                                                                                                                                             

14 rows selected.

SQL> SELECT ENAME , SAL, SAL*9 AS "9M_SALARY" , SAL*9-SAL*9*12.34/100 AS "9M DEDUCT12.34%"
  2  FROM EMP;

ENAME             SAL  9M_SALARY 9M DEDUCT12.34%                                                                                                                                                                                                                                                                                                                                                                                                                                                                                                                                                                                                                                                                                                                                                                                                                                                                                                                                                                                        
---------- ---------- ---------- ---------------                                                                                                                                                                                                                                                                                                                                                                                                                                                                                                                                                                                                                                                                                                                                                                                                                                                                                                                                                                                        
SMITH             800       7200         6311.52                                                                                                                                                                                                                                                                                                                                                                                                                                                                                                                                                                                                                                                                                                                                                                                                                                                                                                                                                                                        
ALLEN            1600      14400        12623.04                                                                                                                                                                                                                                                                                                                                                                                                                                                                                                                                                                                                                                                                                                                                                                                                                                                                                                                                                                                        
WARD             1250      11250         9861.75                                                                                                                                                                                                                                                                                                                                                                                                                                                                                                                                                                                                                                                                                                                                                                                                                                                                                                                                                                                        
JONES            2975      26775       23470.965                                                                                                                                                                                                                                                                                                                                                                                                                                                                                                                                                                                                                                                                                                                                                                                                                                                                                                                                                                                        
MARTIN           1250      11250         9861.75                                                                                                                                                                                                                                                                                                                                                                                                                                                                                                                                                                                                                                                                                                                                                                                                                                                                                                                                                                                        
BLAKE            2850      25650        22484.79                                                                                                                                                                                                                                                                                                                                                                                                                                                                                                                                                                                                                                                                                                                                                                                                                                                                                                                                                                                        
CLARK            2450      22050        19329.03                                                                                                                                                                                                                                                                                                                                                                                                                                                                                                                                                                                                                                                                                                                                                                                                                                                                                                                                                                                        
SCOTT            3000      27000         23668.2                                                                                                                                                                                                                                                                                                                                                                                                                                                                                                                                                                                                                                                                                                                                                                                                                                                                                                                                                                                        
KING             5000      45000           39447                                                                                                                                                                                                                                                                                                                                                                                                                                                                                                                                                                                                                                                                                                                                                                                                                                                                                                                                                                                        
TURNER           1500      13500         11834.1                                                                                                                                                                                                                                                                                                                                                                                                                                                                                                                                                                                                                                                                                                                                                                                                                                                                                                                                                                                        
ADAMS            1100       9900         8678.34                                                                                                                                                                                                                                                                                                                                                                                                                                                                                                                                                                                                                                                                                                                                                                                                                                                                                                                                                                                        
JAMES             950       8550         7494.93                                                                                                                                                                                                                                                                                                                                                                                                                                                                                                                                                                                                                                                                                                                                                                                                                                                                                                                                                                                        
FORD             3000      27000         23668.2                                                                                                                                                                                                                                                                                                                                                                                                                                                                                                                                                                                                                                                                                                                                                                                                                                                                                                                                                                                        
MILLER           1300      11700        10256.22                                                                                                                                                                                                                                                                                                                                                                                                                                                                                                                                                                                                                                                                                                                                                                                                                                                                                                                                                                                        

14 rows selected.

SQL> SELECT EMP.* , SAL*6 "HALFTERM" , SAL*12 "ANNUAL_SAL" , SAL+COMM "TOTAL_SAL"
  2  FROM EMP;

     EMPNO ENAME      JOB              MGR HIREDATE         SAL       COMM     DEPTNO   HALFTERM ANNUAL_SAL  TOTAL_SAL                                                                                                                                                                                                                                                                                                                                                                                                                                                                                                                                                                                                                                                                                                                                                                                                                                                                                                                  
---------- ---------- --------- ---------- --------- ---------- ---------- ---------- ---------- ---------- ----------                                                                                                                                                                                                                                                                                                                                                                                                                                                                                                                                                                                                                                                                                                                                                                                                                                                                                                                  
      7369 SMITH      CLERK           7902 17-DEC-80        800                    20       4800       9600                                                                                                                                                                                                                                                                                                                                                                                                                                                                                                                                                                                                                                                                                                                                                                                                                                                                                                                             
      7499 ALLEN      SALESMAN        7698 20-FEB-81       1600        300         30       9600      19200       1900                                                                                                                                                                                                                                                                                                                                                                                                                                                                                                                                                                                                                                                                                                                                                                                                                                                                                                                  
      7521 WARD       SALESMAN        7698 22-FEB-81       1250        500         30       7500      15000       1750                                                                                                                                                                                                                                                                                                                                                                                                                                                                                                                                                                                                                                                                                                                                                                                                                                                                                                                  
      7566 JONES      MANAGER         7839 02-APR-81       2975                    20      17850      35700                                                                                                                                                                                                                                                                                                                                                                                                                                                                                                                                                                                                                                                                                                                                                                                                                                                                                                                             
      7654 MARTIN     SALESMAN        7698 28-SEP-81       1250       1400         30       7500      15000       2650                                                                                                                                                                                                                                                                                                                                                                                                                                                                                                                                                                                                                                                                                                                                                                                                                                                                                                                  
      7698 BLAKE      MANAGER         7839 01-MAY-81       2850                    30      17100      34200                                                                                                                                                                                                                                                                                                                                                                                                                                                                                                                                                                                                                                                                                                                                                                                                                                                                                                                             
      7782 CLARK      MANAGER         7839 09-JUN-81       2450                    10      14700      29400                                                                                                                                                                                                                                                                                                                                                                                                                                                                                                                                                                                                                                                                                                                                                                                                                                                                                                                             
      7788 SCOTT      ANALYST         7566 19-APR-87       3000                    20      18000      36000                                                                                                                                                                                                                                                                                                                                                                                                                                                                                                                                                                                                                                                                                                                                                                                                                                                                                                                             
      7839 KING       PRESIDENT            17-NOV-81       5000                    10      30000      60000                                                                                                                                                                                                                                                                                                                                                                                                                                                                                                                                                                                                                                                                                                                                                                                                                                                                                                                             
      7844 TURNER     SALESMAN        7698 08-SEP-81       1500          0         30       9000      18000       1500                                                                                                                                                                                                                                                                                                                                                                                                                                                                                                                                                                                                                                                                                                                                                                                                                                                                                                                  
      7876 ADAMS      CLERK           7788 23-MAY-87       1100                    20       6600      13200                                                                                                                                                                                                                                                                                                                                                                                                                                                                                                                                                                                                                                                                                                                                                                                                                                                                                                                             
      7900 JAMES      CLERK           7698 03-DEC-81        950                    30       5700      11400                                                                                                                                                                                                                                                                                                                                                                                                                                                                                                                                                                                                                                                                                                                                                                                                                                                                                                                             
      7902 FORD       ANALYST         7566 03-DEC-81       3000                    20      18000      36000                                                                                                                                                                                                                                                                                                                                                                                                                                                                                                                                                                                                                                                                                                                                                                                                                                                                                                                             
      7934 MILLER     CLERK           7782 23-JAN-82       1300                    10       7800      15600                                                                                                                                                                                                                                                                                                                                                                                                                                                                                                                                                                                                                                                                                                                                                                                                                                                                                                                             

14 rows selected.

SQL> 
